{
    "learning_rate": 0.0038034491278331516,
    "weight_decay": 0.00022446131746157565,
    "haz_multiplier": 1,
    "base_channels": 256,
    "alpha_pe11": 0.867444610928272,
    "beta_pe22": 0.7642384524876062,
    "gamma_pe33": 1.5170630864048609
}